{"cameraMode":{"drawMode":0,"name":"Shaded","section":"Shading Mode"},"sceneLighting":true,"audioPlay":false,"sceneViewState":{"showFog":true,"showMaterialUpdate":false,"showSkybox":true,"showFlares":true,"showImageEffects":true,"showParticleSystems":true},"in2DMode":false,"pivot":{"x":14.636565208435059,"y":-21.57084846496582,"z":43.6584358215332},"rotation":{"x":-0.23002219200134278,"y":-0.07524003833532334,"z":0.017840871587395669,"w":-0.9701118469238281},"size":32.25193405151367,"orthographic":false}